person_id,lifeboat,body_no,death_date
1,,,1912-04-15
2,,,1912-04-15
3,boat A,,1946-02-18
4,,190.0,1912-04-15
5,boat 16,,1969-07-27
6,boat A,,1980-12-04
7,,,1972-01-18
8,,,1972-01-18
9,,,1912-04-15
10,boat 15,,1961-08-16
11,,,1912-04-15
12,,,1947-04-21
13,,9.0,1912-04-15
14,,,
15,,,1912-04-15
16,,,1912-04-15
17,,,1912-04-15
18,,,1912-04-15
19,,,1967-06-22
20,boat 11,,1991-07-15
21,,,1912-04-15
22,,,1912-04-15
23,,,1912-04-15
24,,,1912-04-15
25,,79.0,1912-04-15
26,boat 2,,1967-12-15
27,,,1912-04-15
28,,,1912-04-15
29,,,1912-04-15
30,,135.0,1912-04-15
31,boat 11,,1929-08-07
32,,,1912-04-15
33,,260.0,1912-04-15
34,,260.0,1912-04-15
35,boat 16,,1980-03-14
36,boat 3,,1951-11-23
37,,,1912-04-15
38,,,1912-04-15
39,,,1912-04-15
40,,,1912-04-15
41,,,1912-04-15
42,,,
43,,,1912-04-15
44,,,1912-04-15
45,,,1912-04-15
46,,,1912-04-15
47,,,1912-04-15
48,,,1912-04-15
49,,,1912-04-15
50,,,1912-04-15
51,boat 10,,1913-12-04
52,,,1912-04-15
53,boat 11,,1969-08-20
54,,,1912-04-15
55,boat 2,,1924-06-25
56,,,1912-04-15
57,,,1912-04-15
58,,,1912-04-15
59,,,1912-04-15
60,,,1912-04-15
61,,,1912-04-15
62,,,1912-04-15
63,,,1912-04-15
64,,142.0,1912-04-15
65,,,1912-04-15
66,boat 10,,1983-03-01
67,,,1912-04-15
68,boat 13,,1943-08-14
69,boat 10,,2006-05-06
70,boat 10,,1964-04-15
71,,,1912-04-15
72,,,1912-04-15
73,,,1912-04-15
74,boat 4,,1940-03-27
75,,,1912-04-15
76,,,1912-04-15
77,boat 9,,1964-10-29
78,,,1912-04-15
79,,,1912-04-15
80,,,1970-12-03
81,,,1912-04-15
82,,,1947-06-30
83,boat C,,1946-07-17
84,,,1912-04-15
85,,,1912-04-15
86,,,1912-04-15
87,,,1912-04-15
88,boat 10,,1967-10-01
89,boat 10,,1967-10-01
90,,,1912-04-15
91,,,1912-04-15
92,,,1912-04-15
93,,,1912-04-15
94,boat 6,,1963-05-02
95,boat B,,1945-01-07
96,boat B,,1945-01-07
97,,,1912-04-15
98,,,1912-04-15
99,boat 8,,1960-07-23
100,boat 8,,1960-07-23
101,,,1912-04-15
102,,,1912-04-15
103,,,1912-04-15
104,boat 6,,1923-06-18
105,,,1912-04-15
106,,,1912-04-15
107,boat 9,,1948-10-24
108,boat 9,,1983-09-17
109,,,1912-04-15
110,,,1912-04-15
111,,,1912-04-15
112,boat 11,,1944-02-15
113,boat 11,,1961-02-15
114,boat 11,,1975-09-06
115,boat 13,,1990-07-06
116,boat 5,,1933-04-11
117,boat 5,,1955-02-11
118,boat 13,,1967-02-14
119,boat 5,,1949-10-15
120,,,1912-04-15
121,boat 12,,1977-12-15
122,,,1912-04-15
123,,,1912-04-15
124,boat 8,,1944-07-23
125,boat 4,,1938-09-24
126,,,
127,boat 8,,1949-09-11
128,,,1912-04-15
129,,,1912-04-15
130,boat 7,,1961-02-16
131,boat 7,,1916-03-15
132,,,1912-04-15
133,boat D,,1962-05-21
134,,,1912-04-15
135,boat 7,,1949-03-17
136,boat 8,,1950-03-13
137,boat 8,,1936-02-20
138,,,1912-04-15
139,,,1912-04-15
140,,,1912-04-15
141,,,1912-04-15
142,,,1912-04-15
143,,,1912-04-15
144,,,1912-04-15
145,,,1912-04-15
146,boat 4,,1945-05-03
147,boat 6,,1973-10-18
148,,,1912-04-15
149,,,1956-01-24
150,,,1912-04-15
151,,,1912-04-15
152,,,1912-04-15
153,,,
154,,208.0,1912-04-15
155,,,1912-04-15
156,,,1912-04-15
157,boat 9,,1942-07-16
158,,,1912-04-15
159,,,1912-04-15
160,,,1912-04-15
161,,,1912-04-15
162,,,1912-04-15
163,boat 11,,1976-06-30
164,boat 4,,1928-06-26
165,boat 14,,1997-01-20
166,boat 14,,1925-06-29
167,boat 6,,1932-10-26
168,,,1912-04-15
169,,,1960-07-07
170,boat 12,,1969-08-04
171,,,1912-04-15
172,,,1912-04-15
173,,,1918-10-15
174,boat 8,,1927-06-27
175,,,1912-04-15
176,boat 3,,1921-05-29
177,,,1912-04-15
178,boat 9,,1972-07-12
179,,97.0,1912-04-15
180,,,1912-04-15
181,,,1912-04-15
182,,,1912-04-15
183,,,1964-06-03
184,,,1912-04-15
185,,,1912-04-15
186,,,1912-04-15
187,,,1912-04-15
188,,,1912-04-15
189,,,1912-04-15
190,boat 5,,1961-04-05
191,boat 13,,1977-03-10
192,boat 13,,1977-03-10
193,boat 13,,1992-12-18
194,boat 13,,1992-12-18
195,boat 13,,1965-01-14
196,boat 14,,1962-02-02
197,,,1912-04-15
198,,,1912-04-15
199,,,1912-04-15
200,boat 6,,1949-08-23
201,,,1912-04-15
202,,,1912-04-15
203,,,1912-04-15
204,,18.0,1912-04-15
205,boat 3,,1939-08-01
206,boat 3,,1952-06-06
207,,,1912-04-15
208,,,1912-04-15
209,,,1912-04-15
210,,,1912-04-15
211,,,1912-04-15
212,,,1912-04-15
213,,,1934-12-26
214,,,1912-04-15
215,,,1912-04-15
216,boat 4,,1934-10-26
217,boat 4,,1962-10-19
218,boat C,,1940-03-20
219,boat 4,,1985-01-28
220,,,1912-04-15
221,,,1912-04-15
222,,,1912-04-15
223,boat 5,,
224,boat 6,,1963-01-16
225,,172.0,1912-04-15
226,,,1912-04-15
227,boat 11,,1931-07-04
228,,,1912-04-15
229,boat 5,,1959-10-18
230,boat 5,,1966-02-09
231,,130.0,1912-04-15
232,,,1912-04-15
233,,,1912-04-15
234,,,1912-04-15
235,boat 4,,1962-08-13
236,boat 8,,1965-05-04
237,boat 7,,1914-02-20
238,boat 6,,1953-10-08
239,,,
240,,,1912-04-15
241,,,1912-04-15
242,,,1939-07-07
243,,,1939-07-07
244,,,1931-10-30
245,,,1912-04-15
246,,,1912-04-15
247,boat 4,,1958-12-21
248,,,1912-04-15
249,boat 14,,1953-02-08
250,boat 14,,1953-02-08
251,,,1912-04-15
252,,202.0,1912-04-15
253,boat 11,,1984-11-01
254,boat 11,,1984-11-01
255,,,1912-04-15
256,,,1912-04-15
257,boat 12,,1978-08-04
258,,,1912-04-15
259,,,1912-04-15
260,,,1912-04-15
261,boat 9,,1941-03-20
262,,,1912-04-15
263,,,
264,boat 14,,1916-11-28
265,,,1912-04-15
266,boat 14,,1965-02-26
267,,,1912-04-15
268,,,1912-04-15
269,boat 14,,1930-12-04
270,boat 14,,1952-06-16
271,,,1912-04-15
272,,,1912-04-15
273,boat 13,,1948-07-03
274,,,1912-04-15
275,,171.0,1912-04-15
276,,,1912-04-15
277,boat 14,,1964-09-12
278,,,1912-04-15
279,,,1912-04-15
280,,,1912-04-15
281,boat 2,,1941-07-12
282,,,1980-03-09
283,,,1912-04-15
284,boat 2,,1960-02-29
285,boat 2,,1977-03-29
286,boat 2,,1957-12-25
287,,,1912-04-15
288,,,1912-04-15
289,,,1912-04-15
290,,,1912-04-15
291,,,1974-04-04
292,,,1920-07-29
293,,,1912-04-15
294,,,1941-02-11
295,boat 4,,1949-09-02
296,,,1912-04-15
297,,,1912-04-15
298,,,1912-04-15
299,boat 15,,1933-02-13
300,,,1912-04-15
301,,,1912-04-15
302,boat B,,1965-10-30
303,,,1939-04-07
304,boat A,,1932-12-24
305,,,1912-04-15
306,,,1912-04-15
307,,,1912-04-15
308,boat 7,,1940-12-20
309,boat 8,,
310,boat 3,,1979-05-03
311,,,1912-04-15
312,boat 14,,1933-08-04
313,,,1912-04-15
314,,,1912-04-15
315,,,1912-04-15
316,,,1912-04-15
317,,,
318,,,1912-04-15
319,boat 14,,1951-12-16
320,,,1912-04-15
321,,,
322,,,1987-07-29
323,boat 10,,1939-03-26
324,,,1912-04-15
325,boat 13,,1918-04-30
326,boat 15,,1955-06-05
327,,,1954-04-19
328,,,1912-04-15
329,,,1912-04-15
330,,,1912-04-15
331,,,1912-04-15
332,boat 10,,1992-04-14
333,boat 10,,2009-05-31
334,boat 10,,1975-09-13
335,,,1970-10-08
336,,295.0,1912-04-15
337,,,1912-04-15
338,,,1912-04-15
339,,,1912-04-15
340,,,1912-04-15
341,,,1912-04-15
342,,,1912-04-15
343,,,1912-04-15
344,,,1974-06-12
345,,,1912-04-15
346,boat 3,,1970-06-02
347,boat 3,,1970-06-02
348,boat 3,,1973-10-07
349,,,1912-04-15
350,,,1912-04-15
351,,,1912-04-15
352,boat 5,,1950-07-25
353,boat 5,,1974-12-03
354,boat 13,,1919-06-30
355,,,1912-04-15
356,,,1962-04-11
357,,,1962-04-11
358,,,1972-03-03
359,,,1912-04-15
360,,,1912-04-15
361,boat B,,1954-04-12
362,boat 2,,1945-04-21
363,boat 6,,1954-12-31
364,,62.0,1912-04-15
365,,,1912-04-15
366,boat 13,,1962-11-16
367,,,1912-04-15
368,,51.0,1912-04-15
369,,,1912-04-15
370,,,1970-06-02
371,,,1986-06-06
372,,,1976-12-28
373,,,1951-08-09
374,boat 1,,1931-04-20
375,boat 1,,1935-04-20
376,,,1912-04-15
377,boat D,,1950-01-06
378,boat 12,,
379,boat 12,,1959-10-01
380,,,1912-04-15
381,,,1947-04-03
382,,,1926-02-10
383,,,1912-04-15
384,,,1912-04-15
385,,,1961-02-19
386,,,1912-04-15
387,,,1912-04-15
388,boat 7,,1958-04-21
389,,,1912-04-15
390,,,1912-04-15
391,,,1912-04-15
392,,,1912-04-15
393,,,1912-04-15
394,,,1912-04-15
395,,,1912-04-15
396,,,1912-04-15
397,boat 13,,1936-08-06
398,,,1912-04-15
399,boat 4,,1964-01-11
400,,,1912-04-15
401,boat 4,,1936-05-17
402,,,
403,,,1912-04-15
404,,187.0,1912-04-15
405,,,1912-04-15
406,,,1912-04-15
407,,68.0,1912-04-15
408,,,1912-04-15
409,,286.0,1912-04-15
410,,,1912-04-15
411,boat 15,,1938-11-21
412,,,1912-04-15
413,boat 7,,1943-04-08
414,,,1912-04-15
415,boat 4,,1941-08-24
416,,,
417,,,1912-04-15
418,,,1912-04-15
419,boat 5,,1951-11-23
420,,,1912-04-15
421,,,1912-04-15
422,,,
423,,,1912-04-15
424,,,1912-04-15
425,,,1912-04-15
426,,,1912-04-15
427,,,1912-04-15
428,,,1912-04-15
429,,,1912-04-15
430,,,
431,,,
432,boat 10,,1961-04-07
433,boat 10,,1961-04-07
434,,,1912-04-15
435,boat 10,,1961-03-21
436,boat 10,,1968-02-19
437,,,1912-04-15
438,boat 10,,1929-03-08
439,,,1912-04-15
440,,236.0,1912-04-15
441,boat 1,,1967-06-02
442,,,1912-04-15
443,boat 5,,1943-03-30
444,boat 5,,1927-03-11
445,boat 5,,1932-11-16
446,,,1912-04-15
447,,,1912-04-15
448,boat 5,,1972-07-16
449,boat 5,,1955-03-21
450,boat 5,,1913-11-22
451,,,1912-04-15
452,,,1912-04-15
453,boat 9,,1967-10-29
454,,322.0,1912-04-15
455,,,1912-04-15
456,,,1912-04-15
457,,,1912-04-15
458,,,1912-04-15
459,,,1953-03-25
460,,,1912-04-15
461,,,1912-04-15
462,,,1912-04-15
463,,,1912-04-15
464,,,1912-04-15
465,boat 7,,1946-02-17
466,boat 7,,1961-03-20
467,boat 4,,1933-11-14
468,,,1912-04-15
469,,,1912-04-15
470,,,1912-04-15
471,,,1912-04-15
472,,297.0,1912-04-15
473,,47.0,1912-04-15
474,,,1912-04-15
475,,,1912-04-15
476,,,1971-03-01
477,,305.0,1912-04-15
478,boat 13,,1955-02-26
479,boat 5,,1947-10-09
480,boat 5,,1936-10-11
481,,,1912-04-15
482,boat C,,1955-09-22
483,,,1912-04-15
484,boat C,,1982-01-27
485,,,1912-04-15
486,,,1912-04-15
487,,,1912-04-15
488,,,1912-04-15
489,,,1912-04-15
490,,,1912-04-15
491,,,1912-04-15
492,,4.0,1912-04-15
493,,,1912-04-15
494,boat B,,1912-12-04
495,boat 3,,1924-12-29
496,,147.0,1912-04-15
497,boat 3,,1976-04-26
498,,,1912-04-15
499,,,1912-04-15
500,boat 7,,1936-11-05
501,boat 7,,1949-11-12
502,,,1912-04-15
503,,,1912-04-15
504,,,1912-04-15
505,,,1912-04-15
506,,,1912-04-15
507,,98.0,1912-04-15
508,,,1912-04-15
509,,,1912-04-15
510,,,1912-04-15
511,,,1912-04-15
512,,,1912-04-15
513,boat 10,,1957-01-02
514,,,1912-04-15
515,,75.0,1912-04-15
516,,,1912-04-15
517,,,1912-04-15
518,,69.0,1912-04-15
519,boat 11,,1952-12-15
520,,,1912-04-15
521,,35.0,1912-04-15
522,boat 5,,1926-12-01
523,boat 5,,1959-05-26
524,,,1912-04-15
525,,,1912-04-15
526,boat 11,,1986-04-10
527,boat 3,,1944-03-01
528,,,1912-04-15
529,boat 3,,1923-11-14
530,,,1912-04-15
531,boat 15,,1919-03-03
532,,,1912-04-15
533,boat D,,1969-09-02
534,,,1912-04-15
535,,,1912-04-15
536,,,1912-04-15
537,boat 14,,1928-09-07
538,boat 14,,1996-02-14
539,,,1912-04-15
540,,,1912-04-15
541,boat 3,,
542,boat 3,,1922-11-13
543,,,1912-04-15
544,boat 3,,1955-02-01
545,boat 7,,1956-08-21
546,,,1912-04-15
547,,,1919-03-11
548,boat 15,,1961-07-28
549,,,
550,,,1912-04-15
551,,,1943-09-09
552,,,1912-04-15
553,boat C,,1962-03-16
554,,,1912-04-15
555,,,1912-04-15
556,,,1912-04-15
557,,,1947-03-23
558,,,1947-03-23
559,,,1937-01-16
560,,,1983-01-18
561,,,1912-04-15
562,boat 13,,1917-05-09
563,,,1912-04-15
564,,,1912-04-15
565,,,1912-04-15
566,,,1912-04-15
567,,,1912-04-15
568,,,1912-04-15
569,boat 4,,1974-11-14
570,boat 4,,1940-09-22
571,,,1961-05-17
572,,,1956-04-12
573,,,1914-04-15
574,,,1963-10-14
575,,,1912-04-15
576,,,1912-04-15
577,,,1912-04-15
578,boat 10,,1947-10-06
579,,,1960-03-01
580,,,1912-04-15
581,,,1912-04-15
582,,,1912-04-15
583,,38.0,1912-04-15
584,,38.0,1912-04-15
585,,,1918-05-02
586,boat 15,,1939-02-10
587,,,
588,,,1912-04-15
589,,,1912-04-15
590,boat 10,,1939-03-14
591,,,1912-04-15
592,,,1912-04-15
593,boat C,,1958-11-28
594,boat D,,1940-07-05
595,boat D,,1932-07-17
596,,,1912-04-15
597,,120.0,1912-04-15
598,,120.0,1912-04-15
599,,193.0,1912-04-15
600,,,1912-04-15
601,boat 13,,1956-03-06
602,boat 13,,1956-03-06
603,,,1945-12-28
604,,,1914-03-18
605,,,1912-04-15
606,,,1976-12-11
607,,,1912-04-15
608,boat 6,,1964-07-15
609,boat 14,,1976-09-30
610,,,1912-04-15
611,,,1912-04-15
612,,,1912-04-15
613,,,1912-04-15
614,boat C,,1937-10-17
615,,,1912-04-15
616,,328.0,1912-04-15
617,,,1912-04-15
618,,,1912-04-15
619,,,1947-07-09
620,,,1912-04-15
621,,,1945-06-21
622,,,1912-04-15
623,,,1912-04-15
624,,,1912-04-15
625,,,1912-04-15
626,,,1912-04-15
627,,,1912-04-15
628,,,1912-04-15
629,,,1912-04-15
630,,,
631,boat 11,,1974-09-14
632,boat 13,,1962-12-01
633,,143.0,1912-04-15
634,,156.0,1912-04-15
635,,,1912-04-15
636,,,1912-04-15
637,,,1912-04-15
638,,,1967-04-05
639,boat 15,,1968-12-19
640,,,1912-04-15
641,,,1912-04-15
642,boat 15,,1998-03-07
643,boat 15,,1968-04-10
644,,,1912-04-15
645,,,1912-04-15
646,,,1912-04-15
647,,,1912-04-15
648,,,1912-04-15
649,,,1912-04-15
650,,,1912-04-15
651,,,1956-05-14
652,,,1912-04-15
653,boat 15,,1944-01-05
654,,,1912-04-15
655,,,1912-04-15
656,,,1912-04-15
657,,,1912-04-15
658,,,1912-04-15
659,,,1950-08-26
660,,,1912-04-15
661,,,1912-04-15
662,boat 13,,1958-04-12
663,,,1912-04-15
664,,,1912-04-15
665,,,1912-04-15
666,,,1934-07-07
667,,,1971-09-17
668,,58.0,1912-04-15
669,,,1912-04-15
670,,,1912-04-15
671,boat 10,,1944-12-20
672,,,1912-04-15
673,,,1969-12-28
674,,,1920-03-01
675,,70.0,1912-04-15
676,,,1912-04-15
677,,,1950-12-27
678,,,1918-06-09
679,,258.0,1912-04-15
680,,,1912-04-15
681,boat 8,,1958-10-03
682,,,1912-04-15
683,,,1912-04-15
684,,,1912-04-15
685,,,1912-04-15
686,,,1912-04-15
687,,,1912-04-15
688,boat 5,,1927-04-06
689,boat 5,,1962-03-21
690,boat 2,,1959-04-08
691,,,1912-04-15
692,,,1912-04-15
693,boat 2,,1979-10-16
694,boat 2,,1992-08-25
695,,,1912-04-15
696,,,1912-04-15
697,,,1912-04-15
698,,,1912-04-15
699,,,1912-04-15
700,,,
701,,,1912-04-15
702,,,1912-04-15
703,,,1912-04-15
704,,,1912-04-15
705,boat 10,,1978-05-21
706,boat 2,,1971-03-25
707,,,1912-04-15
708,,,1912-04-15
709,,,1912-04-15
710,,,1912-04-15
711,,,1912-04-15
712,,,1912-04-15
713,,,1912-04-15
714,,,
715,,,
716,,,1912-04-15
717,,,1912-04-15
718,boat 13,,1947-08-02
719,,,1912-04-15
720,boat 14,,1986-01-21
721,,,1912-04-15
722,boat 10,,1980-01-10
723,boat 10,,1998-01-28
724,boat 10,,1973-08-08
725,,,1912-04-15
726,,,1912-04-15
727,boat 8,,1944-04-20
728,boat 8,,1944-04-20
729,,,1912-04-15
730,,,1912-04-15
731,,,1912-04-15
732,,,1912-04-15
733,,,1912-04-15
734,boat 12,,1967-12-05
735,,,1912-04-15
736,boat 11,,1963-02-06
737,boat 14,,1950-05-15
738,,,1912-04-15
739,,,1937-11-25
740,,,1928-11-08
741,,,1993-10-08
742,,,1956-06-14
743,,,1956-06-14
744,boat 2,,1972-07-04
745,,,1912-04-15
746,boat 3,,1939-01-13
747,,,1912-04-15
748,,,1912-04-15
749,,,1912-04-15
750,,,1912-04-15
751,,,1912-04-15
752,,,1912-04-15
753,,,1912-04-15
754,,,1912-04-15
755,,,1912-04-15
756,,,1958-10-31
757,,,1946-11-03
758,,,1912-04-15
759,boat 9,,1942-12-17
760,boat 9,,1975-11-23
761,,,1912-04-15
762,,,1912-04-15
763,,298.0,1912-04-15
764,,,1912-04-15
765,,55.0,1912-04-15
766,,,1912-04-15
767,,153.0,1912-04-15
768,,,1912-04-15
769,boat 10,,1965-08-11
770,,,1912-04-15
771,boat 12,,1949-04-29
772,boat 12,,1949-04-29
773,,121.0,1912-04-15
774,,,1912-04-15
775,,,1962-09-20
776,,,1912-04-15
777,,,1973-03-01
778,,,1942-10-10
779,,,1940-01-31
780,,196.0,1912-04-15
781,,,1912-04-15
782,,,1912-04-15
783,,,1912-04-15
784,,,1912-04-15
785,,,1968-12-14
786,boat 2,,1974-02-14
787,boat 13,,1972-01-23
788,,,1912-04-15
789,,,1912-04-15
790,boat 8,,1963-01-17
791,,,1912-04-15
792,,,1912-04-15
793,,,1912-04-15
794,,,1973-09-22
795,,,1974-10-22
796,,61.0,1912-04-15
797,,,1912-04-15
798,,,1970-05-15
799,,,1912-04-15
800,,,1912-04-15
801,,,1912-04-15
802,,,1912-04-15
803,,,1912-04-15
804,,,1975-10-17
805,boat 7,,1942-02-22
806,,,1912-04-15
807,,,1912-04-15
808,,,1938-03-21
809,,,1946-07-09
810,,,1912-04-15
811,boat 6,,1962-10-11
812,,292.0,1912-04-15
813,boat 15,,1948-11-12
814,,,1912-04-15
815,,,1975-11-04
816,,,1957-01-14
817,,,1957-01-14
818,,,1959-12-28
819,,,1959-12-28
820,,,1945-07-19
821,,209.0,1912-04-15
822,,,1912-04-15
823,,,1959-11-03
824,,,1912-04-15
825,boat 7,,1937-07-24
826,,,1957-08-24
827,,,1990-01-30
828,,,1912-04-15
829,,,1912-04-15
830,,,1912-04-15
831,,,1912-04-15
832,,,1912-04-15
833,,,1912-04-15
834,,,1912-04-15
835,,,1912-04-15
836,,,1912-04-15
837,,,1912-04-15
838,boat 14,,1962-01-04
839,boat 14,,1976-05-27
840,boat A,,1948-07-23
841,,201.0,1912-04-15
842,,201.0,1912-04-15
843,,,1912-04-15
844,,,1912-04-15
845,,,1912-04-15
846,boat 6,,1957-11-27
847,boat 15,,1939-01-25
848,,,1912-04-15
849,,,1912-04-15
850,,249.0,1912-04-15
851,,,1912-04-15
852,boat 14,,1919-04-30
853,boat 14,,1962-01-13
854,,230.0,1912-04-15
855,,,1912-04-15
856,,,1912-04-15
857,,,1912-04-15
858,,,1912-04-15
859,boat 11,,1951-06-16
860,,,1984-04-01
861,,309.0,1912-04-15
862,,,1912-04-15
863,,,1912-04-15
864,,,1958-01-30
865,,,1975-04-15
866,,,1912-04-15
867,,,1912-04-15
868,boat 15,,1961-04-15
869,,,1912-04-15
870,,,1912-04-15
871,,,1912-04-15
872,,,1912-04-15
873,,,1912-04-15
874,,,1973-07-04
875,,,1973-07-04
876,,,1912-04-15
877,boat 14,,
878,boat 14,,1975-08-29
879,boat 14,,1979-10-24
880,,,1912-04-15
881,,,
882,,,1970-11-01
883,,,1912-04-15
884,boat 10,,1959-10-15
885,,,1912-04-15
886,,,1968-09-24
887,,,1957-09-29
888,,,
889,,,1971-02-16
890,,,1912-04-15
891,,,1912-04-15
892,,,1912-04-15
893,,,1912-04-15
894,,,1952-04-18
895,,,
896,,,1912-04-15
897,,,1924-02-08
898,,,1924-02-08
899,,,1912-04-15
900,,,1912-07-30
901,,,1926-12-30
902,,,1963-01-23
903,,,1912-04-15
904,,,1912-04-15
905,,,1912-04-15
906,,,1912-04-15
907,,,1912-04-15
908,,,1912-04-15
909,,,1953-07-07
910,,,1912-04-15
911,,,2001-01-30
912,,,1970-01-20
913,,,1970-01-20
914,,43.0,1912-04-15
915,,,
916,,,1912-04-15
917,,,1912-04-15
918,,122.0,1912-04-15
919,boat 6,,1969-04-25
920,boat 6,,1992-06-11
921,boat 5,,1965-09-07
922,,101.0,1912-04-15
923,,,
924,,,1912-04-15
925,,,1912-04-15
926,,,1912-04-15
927,,,1912-04-15
928,,,1976-12-27
929,boat 13,,1971-04-18
930,,,1927-08-13
931,,,1941-11-09
932,,,1954-08-06
933,,181.0,1912-04-15
934,,,1912-04-15
935,,,1912-04-15
936,boat 7,,1972-11-15
937,boat 7,,1972-11-15
938,boat 11,,1963-11-22
939,boat 13,,1977-03-28
940,,,1912-04-15
941,,,1981-05-31
942,,,1970-03-08
943,,,1912-04-15
944,,,1918-10-17
945,,,1912-04-15
946,,,1912-04-15
947,,,1912-04-15
948,,,1912-04-15
949,boat 10,,1917-05-03
950,,,1912-04-15
951,boat B,,1939-12-16
952,,,1975-05-18
953,,,1912-04-15
954,,,1995-11-19
955,,,1952-12-10
956,,,1966-12-07
957,boat 8,,1969-05-28
958,boat 13,,1975-01-01
959,,173.0,1912-04-15
960,,,1912-04-15
961,,,1912-04-15
962,,,1912-04-15
963,,,1912-04-15
964,,,1912-04-15
965,boat 7,,1948-03-18
966,boat 7,,1948-03-18
967,,,1912-04-15
968,,,1912-04-15
969,,,1912-04-15
970,,,
971,,,1930-01-13
972,boat 5,,1978-05-15
973,,,1912-04-15
974,,,1912-04-15
975,,189.0,1912-04-15
976,boat 13,,1954-04-08
977,boat 9,,1968-10-06
978,,,1912-04-15
979,,,1912-04-15
980,boat 9,,1940-04-14
981,,,1925-03-27
982,,,1912-04-15
983,,,1912-04-15
984,,,1912-04-15
985,,,1912-04-15
986,,,1912-04-15
987,,,1912-04-15
988,,,1912-04-15
989,,,1912-04-15
990,,,1912-04-15
991,boat 12,,1930-08-07
992,,,1912-04-15
993,,,1912-04-15
994,,,1912-04-15
995,,,1912-04-15
996,,,1912-04-15
997,,,1912-04-15
998,,,1912-04-15
999,,,1912-04-15
1000,,,1912-04-15
1001,,,1912-04-15
1002,boat 8,,1956-03-24
1003,,,1912-04-15
1004,,,1912-04-15
1005,,,1912-04-15
1006,,,1912-04-15
1007,,,1912-04-15
1008,,,1912-04-15
1009,,,1912-04-15
1010,,,1912-04-15
1011,boat 3,,1968-11-18
1012,,,1951-10-17
1013,,,1912-04-15
1014,,,1912-04-15
1015,,,1912-04-15
1016,,,1912-04-15
1017,,,1912-04-15
1018,,,1912-04-15
1019,,,1912-04-15
1020,,,1912-04-15
1021,boat 6,,1929-12-07
1022,boat 8,,1972-06-02
1023,,,1912-04-15
1024,boat 12,,
1025,boat 12,,
1026,,,1912-04-15
1027,,,1964-03-27
1028,boat 9,,1941-05-25
1029,boat 9,,
1030,,,1912-04-15
1031,,,1912-04-15
1032,,,1912-04-15
1033,,,1912-04-15
1034,,,1974-06-18
1035,,,1912-04-15
1036,boat 7,,1954-01-01
1037,,,1912-04-15
1038,,,1912-04-15
1039,,206.0,1912-04-15
1040,,,1912-04-15
1041,,,1912-04-15
1042,,,1912-04-15
1043,,,1912-04-15
1044,boat 11,,1965-02-24
1045,boat 11,,1954-03-15
1046,boat 11,,2002-07-04
1047,,,1912-04-15
1048,,,1912-04-15
1049,,,1912-04-15
1050,,,1912-04-15
1051,,,1912-04-15
1052,,,1912-04-15
1053,,,
1054,boat 12,,1933-07-09
1055,,,1912-04-15
1056,,,1912-04-15
1057,,,
1058,,,1912-04-15
1059,boat A,,1963-03-01
1060,,,1912-04-15
1061,,,1912-04-15
1062,,,1912-04-15
1063,,,1912-04-15
1064,,,1912-04-15
1065,,,1912-04-15
1066,,,1912-04-15
1067,,,1912-04-15
1068,,,1972-11-10
1069,,,1987-12-04
1070,,,1988-01-09
1071,,,1946-01-11
1072,,232.0,1912-04-15
1073,,,1912-04-15
1074,,,1912-04-15
1075,,,1982-09-29
1076,,,1912-04-15
1077,,,1912-04-15
1078,boat 2,,1956-01-15
1079,,,1912-04-15
1080,,,1912-04-15
1081,,,1912-04-15
1082,,,1912-04-15
1083,,,1912-04-15
1084,,,1912-04-15
1085,,,1912-04-15
1086,,,1922-01-18
1087,,,1912-04-15
1088,,,1912-04-15
1089,,,1912-04-15
1090,,,1912-04-15
1091,,,1912-04-15
1092,,,1912-04-15
1093,boat 11,,1975-04-04
1094,,,1912-04-15
1095,,,1912-04-15
1096,boat C,,1947-07-04
1097,boat 8,,1956-09-12
1098,boat 6,,1943-10-29
1099,,,1912-04-15
1100,,,1912-04-15
1101,,,1912-04-15
1102,,,1912-04-15
1103,boat 12,,1958-07-08
1104,,,1912-04-15
1105,,,1912-04-15
1106,,,1974-11-05
1107,,,1912-04-15
1108,,,1912-04-15
1109,boat 4,,1960-06-25
1110,boat 4,,1939-12-28
1111,boat 4,,1986-01-21
1112,boat 4,,1921-01-13
1113,,,1912-04-15
1114,,,1926-06-05
1115,,,1926-06-05
1116,,,1912-04-15
1117,,,1912-04-15
1118,,,1912-04-15
1119,,67.0,1912-04-15
1120,,,1912-04-15
1121,,,1912-04-15
1122,,,1912-04-15
1123,,,1912-04-15
1124,,,1912-04-15
1125,,,1912-04-15
1126,,,1912-04-15
1127,,,1912-04-15
1128,,,1912-04-15
1129,,,1912-04-15
1130,boat C,,1977-02-21
1131,boat 1,,1959-05-21
1132,boat 1,,1959-05-21
1133,,,1912-04-15
1134,,,1912-04-15
1135,,,1912-04-15
1136,,,1912-04-15
1137,,,1932-02-26
1138,boat 13,,1985-12-01
1139,boat 13,,1985-12-01
1140,boat 13,,1995-09-03
1141,boat 13,,1963-08-15
1142,,,1966-12-15
1143,,,1912-04-15
1144,,284.0,1912-04-15
1145,,,1912-04-15
1146,boat 11,,1961-04-18
1147,,,1956-06-25
1148,,,1912-04-15
1149,,,1912-04-15
1150,,,1912-04-15
1151,,,1912-04-15
1152,boat 4,,1928-10-25
1153,boat 7,,1943-12-07
1154,,,1912-04-15
1155,,,1912-04-15
1156,,,1912-04-15
1157,,,1912-04-15
1158,boat 12,,1954-05-24
1159,,,1912-04-15
1160,,,1993-03-05
1161,,,1912-04-15
1162,boat 3,,1949-10-27
1163,,,1912-04-15
1164,boat 5,,1964-05-17
1165,boat 11,,1958-05-02
1166,,,1912-04-15
1167,boat 12,,1974-02-05
1168,,,1912-04-15
1169,boat 3,,1920-05-26
1170,boat 3,,1920-05-26
1171,,,1984-05-21
1172,,,1963-11-25
1173,,,1912-04-15
1174,,,1912-04-15
1175,,,1912-04-15
1176,,,1975-11-03
1177,,,1912-04-15
1178,,,1912-04-15
1179,,,1912-04-15
1180,,,1912-04-15
1181,,,1912-04-15
1182,,,1912-04-15
1183,,,1912-04-15
1184,,,1912-04-15
1185,boat 13,,1965-04-12
1186,,,1912-04-15
1187,,,1912-04-15
1188,boat 7,,1955-05-01
1189,,,1912-04-15
1190,,,1912-04-15
1191,,,1912-04-15
1192,,,1912-04-15
1193,,,1940-12-13
1194,boat 6,,1940-05-03
1195,,,1912-04-15
1196,boat 13,,1977-04-27
1197,,,1912-04-15
1198,boat 7,,1959-07-22
1199,boat 7,,1983-12-09
1200,,,1912-04-15
1201,,,1912-04-15
1202,,,1912-04-15
1203,boat 3,,1947-02-03
1204,boat 3,,1950-02-10
1205,boat 3,,1915-08-08
1206,,,1913-10-26
1207,,,1912-04-15
1208,,,1912-04-15
1209,,,1912-04-15
1210,,,1912-04-15
1211,boat 15,,1955-04-23
1212,,,1912-04-15
1213,,,1912-04-15
1214,,,1912-04-15
1215,boat 5,,1956-01-22
1216,boat 1,,1914-04-19
1217,boat 4,,1934-12-24
1218,,,
1219,,,1912-04-15
1220,,,1912-04-15
1221,,81.0,1912-04-15
1222,boat 6,,1924-05-12
1223,,261.0,1912-04-15
1224,,,1912-04-15
1225,,,1912-04-15
1226,,,1943-08-28
1227,,96.0,1912-04-15
1228,,,1912-04-15
1229,,,1912-04-15
1230,,,1912-04-15
1231,,,1912-04-15
1232,boat 3,,1968-08-03
1233,boat B,,1973-08-21
1234,boat 15,,1920-02-01
1235,,,1912-04-15
1236,,46.0,1912-04-15
1237,,,1912-04-15
1238,boat 16,,1981-07-04
1239,,,1912-04-15
1240,,294.0,1912-04-15
1241,,,1912-04-15
1242,boat 8,,1948-04-29
1243,boat 9,,1964-05-24
1244,,32.0,1912-04-15
1245,,,1912-04-15
1246,,,1931-06-12
1247,,,1912-04-15
1248,,,1974-01-07
1249,,,1912-04-15
1250,boat 8,,1925-01-09
1251,boat 8,,1957-06-17
1252,,,1949-05-20
1253,,,1927-04-23
1254,,,1912-04-15
1255,boat 13,,1974-02-06
1256,boat B,,1945-09-20
1257,,,1912-04-15
1258,boat 4,,1944-04-14
1259,,,1912-04-15
1260,,,1912-04-15
1261,,,1912-04-15
1262,,,1917-07-18
1263,boat D,,1947-11-19
1264,boat 10,,1950-01-14
1265,,,1912-04-15
1266,,,1912-04-15
1267,,,1912-04-15
1268,,,1912-04-15
1269,,50.0,1912-04-15
1270,boat 9,,1933-12-23
1271,,,1912-04-15
1272,,,1912-04-15
1273,,,
1274,,,1912-04-15
1275,boat 9,,1930-12-30
1276,,,1984-12-03
1277,,,1976-06-28
1278,,,1991-12-09
1279,,,1953-08-12
1280,,,1912-04-15
1281,boat 7,,1968-02-26
1282,,,1982-12-20
1283,,,1922-04-03
1284,,,1912-04-15
1285,,,1912-04-15
1286,,,1912-04-15
1287,,,1912-04-15
1288,,,1946-09-13
1289,,,1912-04-15
1290,,,1912-04-15
1291,,,1912-04-15
1292,,,1912-04-15
1293,,,1912-04-15
1294,,,1912-04-15
1295,,,1912-04-15
1296,,,1912-04-15
1297,,,1912-04-15
1298,,,1912-04-15
1299,,,1912-04-15
1300,,,1912-04-15
1301,,,1912-04-15
1302,,,1966-08-03
1303,,,1912-04-15
1304,,,1912-04-15
1305,,,1912-04-15
1306,,,1912-04-15
1307,,140.0,1912-04-15
1308,,140.0,1912-04-15
1309,boat 14,,1949-09-04
1310,,,1912-04-15
1311,boat 3,,1955-12-25
1312,boat 10,,1973-08-24
1313,,,1912-04-15
1314,,,1912-04-15
1315,,,1912-04-15
1316,boat 5,,1925-07-16
1317,,,1912-04-15
1318,,,1912-04-15
1319,,,1912-04-15
1320,boat 9,,1951-09-18
1321,boat 9,,1993-03-04
1322,,,1912-04-15
1323,,,1912-04-15
1324,boat 10,,1952-01-29
1325,,,1912-04-15
1326,,293.0,1912-04-15
1327,,,1953-10-13
1328,,,1954-05-28
1329,,,1954-05-28
1330,,,1933-07-10
1331,boat 14,,1972-09-27
1332,,,1912-04-15
1333,boat A,,1950-11-22
1334,boat 11,,1953-04-20
1335,boat 11,,1953-04-20
1336,boat 11,,2007-10-16
1337,boat 11,,1963-09-12
1338,,,1912-04-15
1339,,,1912-04-15
1340,,,1912-04-15
1341,boat 9,,1940-02-15
1342,boat 8,,1942-01-31
1343,,,1912-04-15
1344,,169.0,1912-04-15
1345,,,1912-04-15
1346,boat 8,,1944-10-12
1347,boat 8,,1920-01-30
1348,,,1912-04-15
1349,boat 4,,1937-07-13
1350,,,1912-04-15
1351,,,1912-04-15
1352,,314.0,1912-04-15
1353,,,1912-04-15
1354,,,
1355,,,1955-04-27
1356,,,
1357,,,1964-04-25
1358,,,1912-04-15
1359,,,1912-04-15
1360,,,1912-04-15
1361,,,1912-04-15
1362,boat 14,,1935-10-27
1363,,,1912-04-15
1364,,,1912-04-15
1365,,14.0,1912-04-15
1366,boat A,,1968-06-02
1367,boat 3,,1939-12-01
1368,,,1912-04-15
1369,,131.0,1912-04-15
1370,,131.0,1912-04-15
1371,,,1912-04-15
1372,,,1912-04-15
1373,,,1912-04-15
1374,boat D,,1925-02-13
1375,,,1925-09-04
1376,,,1912-04-15
1377,boat 9,,1965-07-04
1378,,,1912-04-15
1379,,,1966-03-10
1380,,,1912-04-15
1381,boat 8,,1959-07-27
1382,,,1912-04-15
1383,,,1912-04-15
1384,,,1915-06-19
1385,,,1991-05-18
1386,,,1914-03-22
1387,,,1912-04-15
1388,,304.0,1912-04-15
1389,,,1912-04-15
1390,,,1939-04-28
1391,,,1962-05-10
1392,,,1982-06-27
1393,,,1912-08-30
1394,boat 6,,1927-12-04
1395,,,
1396,,255.0,1912-04-15
1397,,,1912-04-15
1398,,,1912-04-15
1399,,,1912-04-15
1400,,,1912-04-15
1401,,72.0,1912-04-15
1402,,,1912-04-15
1403,,,1966-11-19
1404,,234.0,1912-04-15
1405,,,1912-04-15
1406,,,1912-04-15
1407,,,1912-04-15
1408,,,1912-04-15
1409,,,1912-04-15
1410,,,1912-04-15
1411,,,1912-04-15
1412,,,1912-04-15
1413,,,1912-04-15
1414,,,1912-04-15
1415,boat 15,,1952-02-02
1416,,188.0,1912-04-15
1417,,,1912-04-15
1418,,,1912-04-15
1419,,,
1420,,,1912-04-15
1421,,,1912-04-15
1422,,,1912-04-15
1423,,,1912-04-15
1424,,,1912-04-15
1425,,,1912-04-15
1426,,,1912-04-15
1427,,,1968-12-27
1428,,,1912-04-15
1429,,,1912-04-15
1430,,,1912-04-15
1431,,,1912-04-15
1432,,,1912-04-15
1433,,,
1434,,146.0,1912-04-15
1435,,,
1436,boat 16,,1961-01-02
1437,boat 16,,1917-10-17
1438,,,
1439,,,1912-04-15
1440,,34.0,1912-04-15
1441,,,1912-04-15
1442,,,
1443,boat 15,,1915-12-17
1444,,,1912-04-15
1445,,,1912-04-15
1446,boat 9,,1921-02-21
1447,,,1912-04-15
1448,,,1912-04-15
1449,,,1912-04-15
1450,boat 16,,1943-03-12
1451,,,
1452,,,
1453,,,1912-04-15
1454,,,1933-01-17
1455,boat 13,,1933-08-20
1456,,,1912-04-15
1457,,,1912-04-15
1458,,,1912-04-15
1459,,159.0,1912-04-15
1460,,,
1461,,,
1462,,,1912-04-15
1463,,,
1464,,,
1465,,,1912-04-15
1466,,,1912-04-15
1467,,,1912-04-15
1468,,26.0,1912-04-15
1469,,,1912-04-15
1470,,,1927-03-12
1471,,,1912-04-15
1472,boat 13,,1931-03-03
1473,,,1912-04-15
1474,,,1912-04-15
1475,,,1912-04-15
1476,,,1912-04-15
1477,,,
1478,,,
1479,,,1957-12-30
1480,,,1912-04-15
1481,,,1912-04-15
1482,,,1912-04-15
1483,,235.0,1912-04-15
1484,,,1912-04-15
1485,,,1943-01-09
1486,,,1912-04-15
1487,boat 13,,1965-04-05
1488,,,1912-04-15
1489,,,1912-04-15
1490,,,1912-04-15
1491,,,1912-04-15
1492,,,1912-04-15
1493,,,1912-04-15
1494,,,1912-04-15
1495,boat 5,,1974-09-22
1496,,,
1497,,,
1498,,,1967-01-14
1499,,,1912-04-15
1500,,,1912-04-15
1501,,,1912-04-15
1502,,,1912-04-15
1503,,,1912-04-15
1504,,,1912-04-15
1505,,,1912-04-15
1506,,,1912-04-15
1507,,,1912-04-15
1508,,,1912-04-15
1509,,,1912-04-15
1510,,,
1511,,,1912-04-15
1512,,,1922-10-25
1513,,,1912-04-15
1514,,,1912-04-15
1515,,,1912-04-15
1516,,,
1517,,,1912-04-15
1518,,,1912-04-15
1519,,,1955-01-10
1520,,,
1521,,,1912-04-15
1522,,,1968-09-15
1523,,,1912-04-15
1524,,,1912-04-15
1525,,,1912-04-15
1526,boat 15,,1959-06-18
1527,,,1927-09-12
1528,,,1912-04-15
1529,,,
1530,,,1912-04-15
1531,,,1912-04-15
1532,,274.0,1912-04-15
1533,,,1912-04-15
1534,,,1912-04-15
1535,,107.0,1912-04-15
1536,,,1912-04-15
1537,,,1912-04-15
1538,,,1912-04-15
1539,boat 6,,1956-05-23
1540,,,
1541,boat 2,,1967-04-25
1542,,,
1543,,,1912-04-15
1544,,,1912-04-15
1545,,,1912-04-15
1546,,,1912-04-15
1547,,,1912-04-15
1548,,,1946-07-09
1549,,,
1550,,,
1551,,,1912-04-15
1552,,,1912-04-15
1553,,,1912-04-15
1554,,,1912-04-15
1555,boat 11,,1928-12-02
1556,boat B,,1956-04-29
1557,boat D,,1955-10-15
1558,,,1912-04-15
1559,,,1912-04-15
1560,,,1912-04-15
1561,,,1912-04-15
1562,,,1912-04-15
1563,,,1912-04-15
1564,boat A,,1926-06-03
1565,,267.0,1912-04-15
1566,,,1912-04-15
1567,,,1912-04-15
1568,,,
1569,,,1912-04-15
1570,boat 10,,1917-12-12
1571,,,1912-04-15
1572,,,1912-04-15
1573,,,1912-04-15
1574,boat 13,,1960-12-03
1575,,,1912-04-15
1576,boat 10,,1961-04-02
1577,,,1939-09-01
1578,,,
1579,,,1953-12-20
1580,,,1912-04-15
1581,boat 13,,1951-12-06
1582,,,1912-04-15
1583,,,
1584,,,1912-04-15
1585,,,1912-04-15
1586,,77.0,1912-04-15
1587,,,1912-04-15
1588,,,1912-04-15
1589,,,
1590,,,1912-04-15
1591,,,1912-04-15
1592,,,1912-04-15
1593,,,1963-10-30
1594,,251.0,1912-04-15
1595,,,1912-04-15
1596,,,1950-02-18
1597,,,
1598,,,1912-04-15
1599,,,1912-04-15
1600,,,1912-04-15
1601,,,1912-04-15
1602,,,1953-12-28
1603,,,1912-04-15
1604,,,1912-04-15
1605,,,1947-05-28
1606,,,1912-04-15
1607,,,1912-04-15
1608,boat 15,,1966-07-21
1609,,,1912-04-15
1610,,,1912-04-15
1611,boat 9,,1939-06-24
1612,,,1912-04-15
1613,,,1914-02-07
1614,,,1912-04-15
1615,,,1912-04-15
1616,,111.0,1912-04-15
1617,,,1912-04-15
1618,,,1912-04-15
1619,,,1912-04-15
1620,,,1912-04-15
1621,boat 15,,
1622,,,1929-04-21
1623,boat 12,,
1624,,,1912-04-15
1625,,,
1626,,,1912-04-15
1627,,,1957-06-12
1628,,,1912-04-15
1629,,,1912-04-15
1630,,,
1631,boat B,,1941-02-06
1632,boat 1,,1950-09-28
1633,,,1916-08-13
1634,,,
1635,,,
1636,,,1912-04-15
1637,,,1912-04-15
1638,,,1912-04-15
1639,,,1912-04-15
1640,,,1912-04-15
1641,,,1912-04-15
1642,,,1912-04-15
1643,,,1912-04-15
1644,,,1912-04-15
1645,,,
1646,,,1962-02-5
1647,,,1912-04-15
1648,,,1912-04-15
1649,,,1912-04-15
1650,,,1941-12-31
1651,,,1912-04-15
1652,,,1912-04-15
1653,,,1912-04-15
1654,,,1912-04-15
1655,boat 15,,1960-07-07
1656,,,
1657,,,
1658,boat 8,,1938-02-09
1659,,,1912-04-15
1660,,,1956-02-16
1661,,,1912-04-15
1662,,,1912-04-15
1663,,,1912-04-15
1664,,,1950-01-16
1665,,,1912-04-15
1666,,,1941-12-31
1667,,,
1668,,,1912-04-15
1669,boat 14,,1960-02-01
1670,,,1912-04-15
1671,boat 11,,1939-09-15
1672,,,
1673,,,
1674,boat 4,,1932-09-01
1675,,,1912-04-15
1676,,,
1677,,,1912-04-15
1678,boat B,,1983-05-25
1679,,,1912-04-15
1680,,,1912-04-15
1681,,191.0,1912-04-15
1682,,,1912-04-15
1683,,,1912-04-15
1684,,,1912-04-15
1685,,,
1686,,,
1687,,,1912-04-15
1688,,,1912-04-15
1689,,,1912-04-15
1690,,,1912-04-15
1691,,,1955-01-07
1692,,,1912-04-15
1693,,,
1694,,,1912-04-15
1695,,,1912-04-15
1696,,,1912-04-15
1697,,,
1698,,,1955-02-27
1699,,,1912-04-15
1700,boat 4,,1939-01-02
1701,,,1912-04-15
1702,,,1912-04-15
1703,,,1912-04-15
1704,,,1912-04-15
1705,,,1940-11-15
1706,,,1912-04-15
1707,,311.0,1912-04-15
1708,,,1912-04-15
1709,,,
1710,,,
1711,,,1912-04-15
1712,,,1912-04-15
1713,,,
1714,,,1912-04-15
1715,,,1912-04-15
1716,,,1946-08-22
1717,,71.0,1912-04-15
1718,,,
1719,,,1912-04-15
1720,,,1912-04-15
1721,boat 15,,1947-06-19
1722,,,1912-04-15
1723,,,1912-04-15
1724,,,1912-04-15
1725,,,1912-04-15
1726,,,1912-04-15
1727,,,1912-04-15
1728,,,1912-04-15
1729,,317.0,1912-04-15
1730,boat 2,,1932-07-26
1731,,,1945-05-19
1732,,,
1733,,,1912-04-15
1734,,,1912-04-15
1735,boat 5,,1944-09-30
1736,,,1962-09-22
1737,boat 15,,1964-02-01
1738,boat 10,,1952-05-19
1739,,,1912-04-15
1740,,31.0,1912-04-15
1741,,,1912-04-15
1742,,,1912-04-15
1743,,,
1744,,,1912-04-15
1745,boat 11,,1949-09-22
1746,,,1912-04-15
1747,,138.0,1912-04-15
1748,,,1912-04-15
1749,,,1912-04-15
1750,,,
1751,,,1912-04-15
1752,,,
1753,,,1912-04-15
1754,,,1912-04-15
1755,,,
1756,,,
1757,boat B,,1964-07-11
1758,,,1912-04-15
1759,,,1961-02-15
1760,,,1940-02-02
1761,,,1941-11-20
1762,boat 6,,1965-01-10
1763,,,
1764,,,1912-04-15
1765,,,1916-05-31
1766,,,1942-09-06
1767,boat 4,,1934-09-18
1768,boat 13,,1916-04-03
1769,,,1912-04-15
1770,,,1912-04-15
1771,,,1912-04-15
1772,,,1912-04-15
1773,boat 16,,
1774,,,1912-04-15
1775,,,1912-04-15
1776,,262.0,1912-04-15
1777,,,1912-04-15
1778,,,1912-04-15
1779,boat 15,,1960-06-30
1780,,,1912-04-15
1781,boat 13,,1944-11-15
1782,,,1942-12-16
1783,,,1931-05-10
1784,,313.0,1912-04-15
1785,,,1912-04-15
1786,,,1912-04-15
1787,boat 11,,1965-02-27
1788,,,
1789,,,
1790,,,1912-04-15
1791,,,1912-04-15
1792,,49.0,1912-04-15
1793,,,1912-04-15
1794,,,
1795,,,1912-04-15
1796,boat 11,,1948-06-22
1797,,,1912-04-15
1798,,,1912-04-15
1799,,,1912-04-15
1800,,222.0,1912-04-15
1801,,,1938-09-04
1802,,,1912-04-15
1803,,,1912-04-15
1804,,,1912-04-15
1805,,,1913-11-26
1806,,,1912-04-15
1807,,,
1808,,,1912-04-15
1809,,,1923-07-18
1810,,,1912-04-15
1811,boat 11,,1923-02-23
1812,,,1912-04-15
1813,,,1912-04-15
1814,,,1912-04-15
1815,boat 5,,1922-01-16
1816,,,1912-04-15
1817,,,1946-10-04
1818,,,
1819,boat 3,,1952-01-13
1820,boat 9,,1933-06-06
1821,,,1948-08-20
1822,boat 15,,1953-07-13
1823,,,1912-04-15
1824,,,1960-02-02
1825,,,1912-04-15
1826,,,1912-04-15
1827,,,
1828,,,1912-04-15
1829,,,1912-04-15
1830,,,1931-12-05
1831,,,1912-04-15
1832,,,1958-02-19
1833,,,1912-04-15
1834,boat 14,,1947-12-06
1835,,,1912-04-15
1836,,,1918-03-04
1837,boat D,,1953-10-07
1838,,,1931-06-11
1839,,,1958-02-03
1840,,,1912-04-15
1841,,,1912-04-15
1842,,,1912-04-15
1843,,,1912-04-15
1844,,,1912-04-15
1845,boat 14,,
1846,,,1950-02-26
1847,boat 9,,1947-08-03
1848,,,1912-04-15
1849,,,1912-04-15
1850,boat 15,,1954-01-15
1851,boat 13,,1920-06-26
1852,,,1912-04-15
1853,,,
1854,,,1912-04-15
1855,,,
1856,,,1912-04-15
1857,,,1912-04-15
1858,,25.0,1912-04-15
1859,,,1912-04-15
1860,boat B,,1932-06-16
1861,,,
1862,,,1940-12-09
1863,,,1912-04-15
1864,boat 4,,1928-04-12
1865,boat 1,,1956-07-21
1866,,,1912-04-15
1867,,,
1868,,,1912-04-15
1869,,,
1870,,,
1871,,,1912-04-15
1872,,,1912-04-15
1873,,168.0,1912-04-15
1874,boat 6,,1940-09-23
1875,,,1912-04-15
1876,,,1912-04-15
1877,,152.0,1912-04-15
1878,,,1912-04-15
1879,,,
1880,,,1912-04-15
1881,,85.0,1912-04-15
1882,,,1912-04-15
1883,,,1912-04-15
1884,,,1912-04-15
1885,,,1912-04-15
1886,,,1912-04-15
1887,,,1912-04-15
1888,,,1912-04-15
1889,boat 7,,
1890,,,1912-04-15
1891,,,
1892,,,
1893,,,
1894,,,1912-04-15
1895,,,1912-04-15
1896,,,1937-06-19
1897,,,
1898,,,1912-04-15
1899,,,
1900,boat 1,,1962-04-07
1901,,,1912-04-15
1902,,,1912-04-15
1903,,,1912-04-15
1904,,,1912-04-15
1905,,,1912-04-15
1906,,,1912-04-15
1907,,,1912-04-15
1908,boat 11,,1919-09-03
1909,boat C,,1949-03-23
1910,,,1912-04-15
1911,,,1912-04-15
1912,boat B,,1964-12-17
1913,,,1912-04-15
1914,,,1912-04-15
1915,,,
1916,boat 11,,1974-06-14
1917,,,1912-04-15
1918,,204.0,1912-04-15
1919,,,1912-04-15
1920,,,1912-04-15
1921,,,1912-04-15
1922,,,1912-04-15
1923,,,1912-04-15
1924,,,1912-04-15
1925,,,1912-04-15
1926,,,
1927,,,1912-04-15
1928,,,
1929,,,1912-04-15
1930,,,1912-04-15
1931,,,1912-04-15
1932,,,
1933,,,1912-04-15
1934,,,1912-04-15
1935,boat 16,,1971-05-05
1936,boat 7,,1917-04-17
1937,,,1912-04-15
1938,boat 2,,1943-12-16
1939,,,1912-04-15
1940,,,1912-04-15
1941,,,1912-04-15
1942,boat 8,,
1943,,,1912-04-15
1944,,,1942-01-31
1945,,,1912-04-15
1946,boat B,,1956-12-09
1947,,,1960-10-31
1948,,,1912-04-15
1949,,73.0,1912-04-15
1950,,,
1951,,,
1952,,,1912-04-15
1953,,,1912-04-15
1954,,,1912-04-15
1955,boat 15,,1954-11-02
1956,,,
1957,,,
1958,,,1963-10-11
1959,,,
1960,,,1912-04-15
1961,,,1912-04-15
1962,,,1912-04-15
1963,boat 9,,1966-02-06
1964,,,1912-04-15
1965,,,1912-04-15
1966,,,1912-04-15
1967,,,1912-04-15
1968,,,1913-11-07
1969,,,
1970,,,1912-04-15
1971,,,1912-04-15
1972,,,1912-04-15
1973,,,1912-04-15
1974,,,
1975,,,1912-04-15
1976,,238.0,1912-04-15
1977,,,1912-04-15
1978,,,1912-04-15
1979,,,1912-04-15
1980,,,1912-04-15
1981,,,1912-04-15
1982,,,1912-04-15
1983,,,1912-04-15
1984,,,1912-04-15
1985,boat 13,,
1986,,,1912-04-15
1987,boat C,,1951-01-08
1988,,,1912-04-15
1989,,,1912-04-15
1990,,,1912-04-15
1991,,,1912-04-15
1992,,,1912-04-15
1993,boat 11,,1949-09-01
1994,,90.0,1912-04-15
1995,,,1912-04-15
1996,boat 16,,1937-06-29
1997,,,1965-01-23
1998,,,1912-04-15
1999,boat 13,,1913-08-06
2000,,,1912-04-15
2001,,,1912-04-15
2002,,,1912-04-15
2003,boat 15,,1973-01-18
2004,,,1917-11-16
2005,,,1912-04-15
2006,,,1912-04-15
2007,,,1912-04-15
2008,boat B,,1952-12-08
2009,boat B,,1960-11-19
2010,,,
2011,boat 13,,1949-09-18
2012,,57.0,1912-04-15
2013,,,1912-04-15
2014,,,1912-04-15
2015,,,1912-04-15
2016,,,1912-04-15
2017,,,1912-04-15
2018,,,
2019,,,1912-04-15
2020,boat 14,,1944-05-12
2021,,,1916-05-31
2022,boat D,,1921-09-22
2023,boat A,,1944-05-07
2024,,,1912-04-15
2025,,,1912-04-15
2026,,,
2027,,,1975-01-05
2028,,,1912-04-15
2029,,,1938-10-12
2030,,,1912-04-15
2031,,,1912-04-15
2032,,,
2033,,,1912-04-15
2034,boat 13,,1960-09-10
2035,,,
2036,,,1955-08-06
2037,,,
2038,,,1912-04-15
2039,,225.0,1912-04-15
2040,,,1912-04-15
2041,,,1912-04-15
2042,,,1912-04-15
2043,boat 16,,1938-08-30
2044,,,1912-04-15
2045,boat 11,,1936-11-21
2046,,,1951-03-08
2047,boat 6,,1960-04-02
2048,,,1912-04-15
2049,,,
2050,,,1912-04-15
2051,,,
2052,,,1945-03-19
2053,,,1912-04-15
2054,,192.0,1912-04-15
2055,,,1912-04-15
2056,boat 13,,1971-01-16
2057,,,1918-10-27
2058,,,1912-04-15
2059,,,
2060,,,1912-04-15
2061,,,1912-04-15
2062,,,1926-05-03
2063,boat B,,1948-01-09
2064,,177.0,1912-04-15
2065,,,1912-04-15
2066,boat 3,,1928-02-09
2067,,,1922-03-09
2068,,,1939-07-31
2069,,,1912-04-15
2070,,,1912-04-15
2071,,,1931-11-14
2072,,,1942-10-08
2073,,,1948-05-20
2074,,,
2075,,,1918-07-04
2076,boat 4,,1932-01-14
2077,,,
2078,,,1912-04-15
2079,,,1912-04-15
2080,,,1912-04-15
2081,,,1915-03-06
2082,,,
2083,,,1912-04-15
2084,,,1940-01-20
2085,,,1915-04-15
2086,boat B,,
2087,,,1912-04-15
2088,,,1912-04-15
2089,,,1961-02-09
2090,,,
2091,,,
2092,,,
2093,,,
2094,,,
2095,,,
2096,,,1956-11-09
2097,boat 9,,1940-05-06
2098,,,
2099,,,1912-04-15
2100,,,1913-03-11
2101,,,
2102,,,1961-10-02
2103,,,
2104,,,
2105,,,
2106,,,
2107,,,1912-04-15
2108,boat A,,1965-07-26
2109,boat 11,,1956-04-11
2110,,,1922-04-01
2111,,,
2112,,,1928-05-08
2113,,,1929-04-02
2114,boat 5,,1959-02-21
2115,boat 11,,
2116,,,1912-04-15
2117,,,1973-12-06
2118,,,
2119,,,1956-12-31
2120,,,
2121,,,1951-03-15
2122,,,
2123,,,1912-04-15
2124,,,1912-04-15
2125,,183.0,1912-04-15
2126,,,1912-04-15
2127,,,1912-04-15
2128,,,
2129,,,1912-04-15
2130,,,
2131,,,1912-04-15
2132,,,1912-04-15
2133,,,1958-05-08
2134,,,1912-04-15
2135,,,1912-04-15
2136,,,1912-04-15
2137,,,
2138,boat C,,1930-12-05
2139,,,1912-04-15
2140,,,1912-04-15
2141,,,1912-04-15
2142,,27.0,1912-04-15
2143,,,1912-04-15
2144,,,1912-04-15
2145,,,1912-04-15
2146,boat 3,,1943-03-19
2147,boat 3,,
2148,,,1912-04-15
2149,,,1912-04-15
2150,,,1912-04-15
2151,,,
2152,,302.0,1912-04-15
2153,,,1912-04-15
2154,,,
2155,boat 14,,1954-10-18
2156,,,1912-04-15
2157,,,
2158,,,1912-04-15
2159,,,1912-04-15
2160,,,
2161,,,1919-11-19
2162,,323.0,1912-04-15
2163,,,1912-04-15
2164,boat D,,1941-07-01
2165,,,
2166,,,1912-04-15
2167,,,1912-04-15
2168,boat 13,,
2169,,,
2170,,,1912-04-15
2171,,,1912-04-15
2172,,,1912-04-15
2173,,,1912-04-15
2174,,,1912-04-15
2175,boat 15,,1960-01-23
2176,,,1912-04-15
2177,,,1941-01-10
2178,,,1912-04-15
2179,,,1912-04-15
2180,,,1912-04-15
2181,boat 15,,1961-06-15
2182,boat D,,1947-05-07
2183,boat B,,1933-12-30
2184,,,1912-04-15
2185,,,1912-04-15
2186,,,1912-04-15
2187,,,1912-04-15
2188,boat 9,,1944-03-17
2189,boat 5,,1934-06-18
2190,,,1912-04-15
2191,,,1912-04-15
2192,,,1912-04-15
2193,boat 2,,1938-06-08
2194,boat 3,,1952-10-12
2195,,,1912-04-15
2196,,,1912-04-15
2197,,,1912-04-15
2198,,,1912-04-15
2199,,,1912-04-15
2200,,,1912-04-15
2201,,,1912-04-15
2202,,,1912-04-15
2203,,,1912-04-15
2204,,,1912-04-15
2205,,,1912-04-15
2206,boat 8,,
2207,,,1948-12-19
2208,,,1912-04-15
2209,,,1933-03-17
2210,boat C,,1952-07-17
2211,,,1912-04-15
2212,boat 15,,1939-10-09
2213,,,1912-04-15
2214,,,
2215,,,1912-04-15
2216,,,1912-04-15
2217,,,1912-04-15
2218,,,1912-04-15
2219,,,1912-04-15
2220,boat 4,,1954-08-04
2221,,,1912-04-15
2222,,,1912-04-15
2223,,,1912-04-15
2224,,,1940-11-23
2225,,,1912-04-15
2226,boat 9,,1950-04-09
2227,,82.0,1912-04-15
2228,boat 9,,1964-02-25
2229,boat 14,,1967-04-26
2230,,,1912-04-15
2231,,,
2232,,,1912-04-15
2233,,,1912-04-15
2234,,,
2235,,,1912-04-15
2236,,266.0,1912-04-15
2237,,,1922-12-19
2238,,,
2239,,,1912-04-15
2240,boat 5,,1961-12-07
2241,,,1912-04-15
2242,boat D,,1968-05-13
2243,,301.0,1912-04-15
2244,boat 12,,
2245,,,1912-04-15
2246,,,1912-04-15
2247,,,1943-08-23
2248,,,1912-04-15
2249,boat B,,1953-12-03
2250,boat 4,,1982-05-19
2251,,,1912-04-15
2252,,,1912-04-15
2253,,,1948-07-06
2254,,,1912-04-15
2255,boat 15,,1937-03-11
2256,,,1949-01-29
2257,,,1912-04-15
2258,,,1912-04-15
2259,,,1912-04-15
2260,boat 14,,1962-10-30
2261,,,1912-04-15
2262,boat 1,,1918-05-28
2263,,,1912-04-15
2264,,,
2265,,,1912-04-15
2266,boat 4,,1964-07-23
2267,,,1912-04-15
2268,,,1912-04-15
2269,,,1912-04-15
2270,boat 13,,1977-01-15
2271,,,1912-04-15
2272,,,1912-04-15
2273,,280.0,1912-04-15
2274,,,1912-04-15
2275,,,
2276,,,1912-04-15
2277,,,1912-04-15
2278,,,1912-04-15
2279,,,1912-04-15
2280,boat 10,,
2281,,64.0,1912-04-15
2282,,,1912-04-15
2283,,,1912-04-15
2284,,,1912-04-15
2285,,100.0,1912-04-15
2286,,,1912-04-15
2287,,115.0,1912-04-15
2288,,,1912-04-15
2289,,,1912-04-15
2290,,231.0,1912-04-15
2291,,93.0,1912-04-15
2292,boat 11,,1933-01-02
2293,,,1912-04-15
2294,boat 11,,1914-10-09
2295,,151.0,1912-04-15
2296,,,
2297,,,
2298,,,
2299,,,1912-04-15
2300,,,1912-04-15
2301,,,1940-11-04
2302,,,1912-04-15
2303,,,1912-04-15
2304,,,1912-04-15
2305,,,1912-04-15
2306,boat C,,1974-02-14
2307,,,1912-04-15
2308,boat 15,,1915-04-15
2309,,,1912-04-15
2310,,,1912-04-15
2311,,,1912-04-15
2312,boat 9,,1949-12-09
2313,,,1912-04-15
2314,,,1912-04-15
2315,,,1912-04-15
2316,,,1912-04-15
2317,,,1912-04-15
2318,,,1912-04-15
2319,,184.0,1912-04-15
2320,,,1912-04-15
2321,,,1912-04-15
2322,,,1957-05-21
2323,,,1912-04-15
2324,boat 14,,1938-08-19
2325,,,1912-04-15
2326,,,1912-04-15
2327,boat 4,,1915-09-28
2328,,,1912-04-15
2329,,,1912-04-15
2330,,,1912-04-15
2331,,,
2332,,,1912-04-15
2333,boat B,,1937-08-31
2334,,,1912-04-15
2335,boat 3,,1963-12-12
2336,,,1961-06-27
2337,,,
2338,,,1912-04-15
2339,,,
2340,,11.0,1912-04-15
2341,,,1912-04-15
2342,boat 1,,1934-03-18
2343,,,1912-04-15
2344,boat 5,,1946-02-12
2345,,195.0,1912-04-15
2346,,,1922-08-11
2347,,,1912-04-15
2348,,,1948-04-15
2349,,,1912-04-15
2350,,,1912-04-15
2351,,,
2352,,,1912-04-15
2353,,,
2354,,,1912-04-15
2355,,,1912-04-15
2356,,,1912-04-15
2357,,,1965-06-30
2358,,,1943-10-17
2359,,,
2360,,,1912-04-15
2361,,,1912-04-15
2362,boat 12,,1953-02-28
2363,,,1912-04-15
2364,,,
2365,boat 11,,1967-07-30
2366,,,1912-04-15
2367,,91.0,1912-04-15
2368,,,1912-04-15
2369,,,1912-04-15
2370,,,1912-04-15
2371,,,1912-04-15
2372,,,1912-04-15
2373,,,1912-04-15
2374,,,1912-04-15
2375,,,
2376,,,1947-09-26
2377,,,1912-04-15
2378,,,1932-02-22
2379,,,1912-04-15
2380,,,1912-04-15
2381,,,
2382,,,1912-04-15
2383,,,1912-04-15
2384,,,1912-04-15
2385,boat B,,
2386,,,1947-10-15
2387,,,1912-04-15
2388,,316.0,1912-04-15
2389,boat 11,,1937-03-27
2390,,,1939-01-29
2391,,,1912-04-15
2392,,,1912-04-15
2393,,,1934-12-26
2394,,,1919-01-01
2395,,,
2396,boat 15,,1946-04-16
2397,,,1963-02-03
2398,,,
2399,,,1912-04-15
2400,,,1912-04-15
2401,,243.0,1912-04-15
2402,,,1916-05-31
2403,,,1964-01-26
2404,,,1912-04-15
2405,,,1912-04-15
2406,,,1912-04-15
2407,,,1912-04-15
2408,,,1912-04-15
2409,,,1912-04-15
2410,,,1944-09-20
2411,,,1968-06-16
2412,,,1912-04-15
2413,boat 1,,1950-12-03
2414,,,
2415,,150.0,1912-04-15
2416,,123.0,1912-04-15
2417,,,1912-04-15
2418,,,1912-04-15
2419,boat 1,,1931-12-28
2420,,,1912-04-15
2421,,,1912-04-15
2422,,,1912-04-15
2423,boat 15,,1914-03-22
2424,,,1912-04-15
2425,,,1912-04-15
2426,,,
2427,,,1912-04-15
2428,,,1912-04-15
2429,,,1912-04-15
2430,boat 11,,1949-08-06
2431,,,1973-04-06
2432,boat 15,,
2433,,,
2434,,,1912-04-15
2435,,,
2436,,,1912-04-15
2437,boat A,,
2438,,,1912-04-15
2439,,,1912-04-15
2440,boat 14,,1934-01-10
2441,,,1939-11-17
2442,,,1912-04-15
2443,,,
2444,,,1912-04-15
2445,boat 15,,1937-07-24
2446,,,1912-04-15
2447,,,1912-04-15
2448,,,1912-04-15
2449,boat 3,,
2450,,,1912-04-15
2451,,,1912-04-15
2452,,23.0,1912-04-15
2453,,,1912-04-15
2454,,,1912-04-15
2455,,,
2456,,,1912-04-15
2457,,,1912-04-15
2458,,,1912-04-15
2459,,,1912-04-15
2460,,59.0,1912-04-15
2461,,,1912-04-15
2462,boat 13,,1941-07-02
2463,,,1912-04-15
2464,,,1912-04-15
2465,,,1912-04-15
2466,,,1912-04-15
2467,,,1912-04-15
2468,,,
2469,,,
2470,,,1912-04-15
2471,,,1943-02-05
2472,,,1912-04-15
2473,,,1912-04-15
2474,,,1912-04-15
2475,,,1912-04-15
2476,,,1912-04-15
2477,,,1912-04-15
2478,boat 9,,1941-07-19
2479,,,
2480,,,1912-04-15
2481,,246.0,1912-04-15
2482,,,1912-04-15
2483,,,1912-04-15
2484,,,1912-04-15
2485,,,1912-04-15
2486,,,
2487,,,1912-04-15
2488,,,1912-04-15
2489,,,1912-04-15
2490,,,1912-04-15
2491,boat A,,1924-11-07
2492,,,1912-04-15
2493,boat 7,,1954-05-01
2494,,,
2495,boat 11,,1961-06-18
2496,boat 11,,1949-05-01
2497,,,1942-07-18
2498,,,1912-04-15
2499,boat 4,,1922-01-07
2500,,,1912-04-15
2501,,272.0,1912-04-15
2502,,,1912-04-15
2503,,,1912-04-15
2504,,,1927-02-01
2505,boat B,,1944-10-11
2506,,,1912-04-15
2507,boat 9,,1942-08-21
2508,,,1912-04-15
2509,,,1912-04-15
2510,,,1912-04-15
2511,boat 13,,1971-02-11
2512,,,1912-04-15
2513,,,1912-04-15
2514,,,1912-04-15
2515,,,1912-04-15
2516,,,1912-04-15
2517,,,1961-02-03
2518,,,1912-04-15
2519,,,1912-04-15
2520,,,1912-04-15
2521,boat 11,,1961-10-23
2522,,315.0,1912-04-15
2523,,,1912-04-15
2524,,,1912-04-15
2525,,,1912-04-15
2526,,,1912-04-15
2527,,,
2528,,,1963-10-02
2529,,167.0,1912-04-15
2530,,144.0,1912-04-15
2531,,,1912-04-15
2532,,,1912-04-15
2533,,,1912-04-15
2534,boat 13,,1940-02-23
2535,,,1912-04-15
2536,boat 9,,
2537,,,1939-11-18
2538,,,1912-04-15
2539,,,1912-04-15
2540,,,1912-04-15
2541,,,1912-04-15
